name,url
青野　慎也,https://data.j-league.or.jp/SFIX07/?staff_id=2790
秋田　豊,https://data.j-league.or.jp/SFIX07/?staff_id=3261
秋葉　忠宏,https://data.j-league.or.jp/SFIX07/?staff_id=3856
浅野　哲也,https://data.j-league.or.jp/SFIX07/?staff_id=3014
アジウソン,https://data.j-league.or.jp/SFIX07/?staff_id=2960
アスカルゴルタ,https://data.j-league.or.jp/SFIX07/?staff_id=782
東　泰,https://data.j-league.or.jp/SFIX07/?staff_id=2584
足達　勇輔,https://data.j-league.or.jp/SFIX07/?staff_id=1570
安達　亮,https://data.j-league.or.jp/SFIX07/?staff_id=65
アフシン　ゴトビ,https://data.j-league.or.jp/SFIX07/?staff_id=3915
天野　賢一,https://data.j-league.or.jp/SFIX07/?staff_id=4058
雨野　裕介,https://data.j-league.or.jp/SFIX07/?staff_id=8121
アマル　オシム,https://data.j-league.or.jp/SFIX07/?staff_id=2520
有馬　賢二,https://data.j-league.or.jp/SFIX07/?staff_id=2558
アルベル,https://data.j-league.or.jp/SFIX07/?staff_id=13930
アルベルト,https://data.j-league.or.jp/SFIX07/?staff_id=2411
アレックス　ミラー,https://data.j-league.or.jp/SFIX07/?staff_id=3357
アレッシャンドレ　ガーロ,https://data.j-league.or.jp/SFIX07/?staff_id=2802
アンジェ　ポステコグルー,https://data.j-league.or.jp/SFIX07/?staff_id=11104
アントニーニョ,https://data.j-league.or.jp/SFIX07/?staff_id=263
アントネッティ,https://data.j-league.or.jp/SFIX07/?staff_id=1199
安間　貴義,https://data.j-league.or.jp/SFIX07/?staff_id=2611
ア・デモス,https://data.j-league.or.jp/SFIX07/?staff_id=1506
アーサー　パパス,https://data.j-league.or.jp/SFIX07/?staff_id=12180
アーリ　スカンズ,https://data.j-league.or.jp/SFIX07/?staff_id=2441
池田　伸康,https://data.j-league.or.jp/SFIX07/?staff_id=9416
池谷　友良,https://data.j-league.or.jp/SFIX07/?staff_id=114
石井　肇,https://data.j-league.or.jp/SFIX07/?staff_id=292
石井　正忠,https://data.j-league.or.jp/SFIX07/?staff_id=1517
石﨑　信弘,https://data.j-league.or.jp/SFIX07/?staff_id=1386
石丸　清隆,https://data.j-league.or.jp/SFIX07/?staff_id=2998
和泉　茂徳,https://data.j-league.or.jp/SFIX07/?staff_id=14202
伊藤　彰,https://data.j-league.or.jp/SFIX07/?staff_id=7871
井原　正巳,https://data.j-league.or.jp/SFIX07/?staff_id=3402
イバンチェビッチ,https://data.j-league.or.jp/SFIX07/?staff_id=2154
今井　敏明,https://data.j-league.or.jp/SFIX07/?staff_id=1556
今井　雅隆,https://data.j-league.or.jp/SFIX07/?staff_id=402
今矢　直城,https://data.j-league.or.jp/SFIX07/?staff_id=11101
入江　徹,https://data.j-league.or.jp/SFIX07/?staff_id=16760
岩瀬　健,https://data.j-league.or.jp/SFIX07/?staff_id=9105
岩政　大樹,https://data.j-league.or.jp/SFIX07/?staff_id=16808
植木　繁晴,https://data.j-league.or.jp/SFIX07/?staff_id=1381
上田　栄治,https://data.j-league.or.jp/SFIX07/?staff_id=117
上野　展裕,https://data.j-league.or.jp/SFIX07/?staff_id=817
上野　優作,https://data.j-league.or.jp/SFIX07/?staff_id=3706
上野山　信行,https://data.j-league.or.jp/SFIX07/?staff_id=1033
上村　健一,https://data.j-league.or.jp/SFIX07/?staff_id=3517
浮氣　哲郎,https://data.j-league.or.jp/SFIX07/?staff_id=3665
浮嶋　敏,https://data.j-league.or.jp/SFIX07/?staff_id=3939
内田　一夫,https://data.j-league.or.jp/SFIX07/?staff_id=849
内山　篤,https://data.j-league.or.jp/SFIX07/?staff_id=173
ヴァレリー,https://data.j-league.or.jp/SFIX07/?staff_id=1885
江尻　篤彦,https://data.j-league.or.jp/SFIX07/?staff_id=1359
エスピノーザ,https://data.j-league.or.jp/SFIX07/?staff_id=959
衛藤　元,https://data.j-league.or.jp/SFIX07/?staff_id=5195
エドゥ,https://data.j-league.or.jp/SFIX07/?staff_id=204
エメルソン　レオン,https://data.j-league.or.jp/SFIX07/?staff_id=68
エリク　モンバエルツ,https://data.j-league.or.jp/SFIX07/?staff_id=6662
エルスナー,https://data.j-league.or.jp/SFIX07/?staff_id=8013
大石　篤人,https://data.j-league.or.jp/SFIX07/?staff_id=5397
大岩　剛,https://data.j-league.or.jp/SFIX07/?staff_id=3907
大榎　克己,https://data.j-league.or.jp/SFIX07/?staff_id=2209
大木　武,https://data.j-league.or.jp/SFIX07/?staff_id=1821
大熊　清,https://data.j-league.or.jp/SFIX07/?staff_id=305
大熊　裕司,https://data.j-league.or.jp/SFIX07/?staff_id=1589
大島　秀夫,https://data.j-league.or.jp/SFIX07/?staff_id=14122
大島　康明,https://data.j-league.or.jp/SFIX07/?staff_id=5318
大嶽　直人,https://data.j-league.or.jp/SFIX07/?staff_id=2365
大塚　真司,https://data.j-league.or.jp/SFIX07/?staff_id=3860
大槻　毅,https://data.j-league.or.jp/SFIX07/?staff_id=1650
大橋　浩司,https://data.j-league.or.jp/SFIX07/?staff_id=3489
岡田　武史,https://data.j-league.or.jp/SFIX07/?staff_id=1342
岡本　武行,https://data.j-league.or.jp/SFIX07/?staff_id=1111
沖田　優,https://data.j-league.or.jp/SFIX07/?staff_id=2573
奥寺　康彦,https://data.j-league.or.jp/SFIX07/?staff_id=185
奥野　僚右,https://data.j-league.or.jp/SFIX07/?staff_id=2388
小倉　隆史,https://data.j-league.or.jp/SFIX07/?staff_id=6828
小倉　勉,https://data.j-league.or.jp/SFIX07/?staff_id=1761
オシム,https://data.j-league.or.jp/SFIX07/?staff_id=2224
オスカー・ベルナルディ,https://data.j-league.or.jp/SFIX07/?staff_id=425
オズワルド　アルディレス,https://data.j-league.or.jp/SFIX07/?staff_id=1578
オズワルド　オリヴェイラ,https://data.j-league.or.jp/SFIX07/?staff_id=3040
小田切　道治,https://data.j-league.or.jp/SFIX07/?staff_id=4001
オタシリオ,https://data.j-league.or.jp/SFIX07/?staff_id=602
鬼木　達,https://data.j-league.or.jp/SFIX07/?staff_id=3672
小野　剛,https://data.j-league.or.jp/SFIX07/?staff_id=2180
小見　幸隆,https://data.j-league.or.jp/SFIX07/?staff_id=55
小村　徳男,https://data.j-league.or.jp/SFIX07/?staff_id=4320
カイオ　ジュニオール,https://data.j-league.or.jp/SFIX07/?staff_id=3483
影山　雅永,https://data.j-league.or.jp/SFIX07/?staff_id=1882
風間　八宏,https://data.j-league.or.jp/SFIX07/?staff_id=4252
片野坂　知宏,https://data.j-league.or.jp/SFIX07/?staff_id=2550
片渕　浩一郎,https://data.j-league.or.jp/SFIX07/?staff_id=7890
勝俣　進,https://data.j-league.or.jp/SFIX07/?staff_id=334
加藤　望,https://data.j-league.or.jp/SFIX07/?staff_id=3497
加藤　久,https://data.j-league.or.jp/SFIX07/?staff_id=1634
加藤　寛,https://data.j-league.or.jp/SFIX07/?staff_id=1027
加藤　光男,https://data.j-league.or.jp/SFIX07/?staff_id=6623
釜本　邦茂,https://data.j-league.or.jp/SFIX07/?staff_id=91
神川　明彦,https://data.j-league.or.jp/SFIX07/?staff_id=7809
加茂　周,https://data.j-league.or.jp/SFIX07/?staff_id=1502
辛島　啓珠,https://data.j-league.or.jp/SFIX07/?staff_id=3253
カルロス　マジョ―ル,https://data.j-league.or.jp/SFIX07/?staff_id=9362
川井　健太,https://data.j-league.or.jp/SFIX07/?staff_id=11239
川勝　良一,https://data.j-league.or.jp/SFIX07/?staff_id=1311
菅野　将晃,https://data.j-league.or.jp/SFIX07/?staff_id=718
神戸　清雄,https://data.j-league.or.jp/SFIX07/?staff_id=208
ガジエフ,https://data.j-league.or.jp/SFIX07/?staff_id=2040
菊川　凱夫,https://data.j-league.or.jp/SFIX07/?staff_id=295
菊池　利三,https://data.j-league.or.jp/SFIX07/?staff_id=9130
岸野　靖之,https://data.j-league.or.jp/SFIX07/?staff_id=56
木谷　公亮,https://data.j-league.or.jp/SFIX07/?staff_id=6639
北野　誠,https://data.j-league.or.jp/SFIX07/?staff_id=3202
喜名　哲裕,https://data.j-league.or.jp/SFIX07/?staff_id=7862
木村　和司,https://data.j-league.or.jp/SFIX07/?staff_id=3713
木村　浩吉,https://data.j-league.or.jp/SFIX07/?staff_id=61
木村　孝洋,https://data.j-league.or.jp/SFIX07/?staff_id=1881
木村　哲昌,https://data.j-league.or.jp/SFIX07/?staff_id=5220
木村　文治,https://data.j-league.or.jp/SFIX07/?staff_id=1491
樹森　大介,https://data.j-league.or.jp/SFIX07/?staff_id=6851
木山　隆之,https://data.j-league.or.jp/SFIX07/?staff_id=3289
清川　浩行,https://data.j-league.or.jp/SFIX07/?staff_id=2741
清雲　栄純,https://data.j-league.or.jp/SFIX07/?staff_id=1300
金　鍾成,https://data.j-league.or.jp/SFIX07/?staff_id=7861
金　明輝,https://data.j-league.or.jp/SFIX07/?staff_id=11829
ギャリー　ジョン　ホワイト,https://data.j-league.or.jp/SFIX07/?staff_id=12202
行徳　浩二,https://data.j-league.or.jp/SFIX07/?staff_id=731
葛野　昌宏,https://data.j-league.or.jp/SFIX07/?staff_id=12043
クゼ,https://data.j-league.or.jp/SFIX07/?staff_id=390
久藤　清一,https://data.j-league.or.jp/SFIX07/?staff_id=7875
工藤　直人,https://data.j-league.or.jp/SFIX07/?staff_id=13940
倉石　圭二,https://data.j-league.or.jp/SFIX07/?staff_id=14162
倉田　安治,https://data.j-league.or.jp/SFIX07/?staff_id=722
倉貫　一毅,https://data.j-league.or.jp/SFIX07/?staff_id=11059
倉又　寿雄,https://data.j-league.or.jp/SFIX07/?staff_id=304
栗原　圭介,https://data.j-league.or.jp/SFIX07/?staff_id=5287
黒崎　久志,https://data.j-league.or.jp/SFIX07/?staff_id=2845
黒田　剛,https://data.j-league.or.jp/SFIX07/?staff_id=18011
桑原　隆,https://data.j-league.or.jp/SFIX07/?staff_id=807
グラハム　アーノルド,https://data.j-league.or.jp/SFIX07/?staff_id=5289
ケイロス,https://data.j-league.or.jp/SFIX07/?staff_id=738
ケッペル,https://data.j-league.or.jp/SFIX07/?staff_id=824
ケヴィン　マスカット,https://data.j-league.or.jp/SFIX07/?staff_id=16325
ゲルト　エンゲルス,https://data.j-league.or.jp/SFIX07/?staff_id=1577
高祖　和弘,https://data.j-league.or.jp/SFIX07/?staff_id=94
郡　晴己,https://data.j-league.or.jp/SFIX07/?staff_id=274
小菊　昭雄,https://data.j-league.or.jp/SFIX07/?staff_id=2832
コスタ,https://data.j-league.or.jp/SFIX07/?staff_id=734
小林　伸二,https://data.j-league.or.jp/SFIX07/?staff_id=105
小林　寛,https://data.j-league.or.jp/SFIX07/?staff_id=193
小林　稔,https://data.j-league.or.jp/SFIX07/?staff_id=4172
小林　慶行,https://data.j-league.or.jp/SFIX07/?staff_id=5577
古前田　充,https://data.j-league.or.jp/SFIX07/?staff_id=170
コンシリア,https://data.j-league.or.jp/SFIX07/?staff_id=391
ゴードン・ミルン,https://data.j-league.or.jp/SFIX07/?staff_id=222
斉藤　和夫,https://data.j-league.or.jp/SFIX07/?staff_id=1384
阪倉　裕二,https://data.j-league.or.jp/SFIX07/?staff_id=1784
佐久間　悟,https://data.j-league.or.jp/SFIX07/?staff_id=315
佐々木　則夫,https://data.j-league.or.jp/SFIX07/?staff_id=1299
薩川　了洋,https://data.j-league.or.jp/SFIX07/?staff_id=2883
佐藤　尽,https://data.j-league.or.jp/SFIX07/?staff_id=3002
實好　礼忠,https://data.j-league.or.jp/SFIX07/?staff_id=3503
佐野　達,https://data.j-league.or.jp/SFIX07/?staff_id=1354
サミア,https://data.j-league.or.jp/SFIX07/?staff_id=2250
猿澤　真治,https://data.j-league.or.jp/SFIX07/?staff_id=9302
澤入　重雄,https://data.j-league.or.jp/SFIX07/?staff_id=3352
沢田　謙太郎,https://data.j-league.or.jp/SFIX07/?staff_id=2866
サンチェス,https://data.j-league.or.jp/SFIX07/?staff_id=1028
財前　恵一,https://data.j-league.or.jp/SFIX07/?staff_id=2392
ザムフィール,https://data.j-league.or.jp/SFIX07/?staff_id=1503
ザーゴ,https://data.j-league.or.jp/SFIX07/?staff_id=13842
志垣　良,https://data.j-league.or.jp/SFIX07/?staff_id=2864
篠田　善之,https://data.j-league.or.jp/SFIX07/?staff_id=2964
柴田　峡,https://data.j-league.or.jp/SFIX07/?staff_id=2624
柴田　慎吾,https://data.j-league.or.jp/SFIX07/?staff_id=16638
渋谷　洋樹,https://data.j-league.or.jp/SFIX07/?staff_id=1112
清水　秀彦,https://data.j-league.or.jp/SFIX07/?staff_id=60
下條　佳明,https://data.j-league.or.jp/SFIX07/?staff_id=413
下平　隆宏,https://data.j-league.or.jp/SFIX07/?staff_id=2673
霜田　正浩,https://data.j-league.or.jp/SFIX07/?staff_id=1435
シャムスカ,https://data.j-league.or.jp/SFIX07/?staff_id=2774
シュタルフ　悠紀リヒャルト,https://data.j-league.or.jp/SFIX07/?staff_id=12184
白井　裕之,https://data.j-league.or.jp/SFIX07/?staff_id=11974
白石　尚久,https://data.j-league.or.jp/SFIX07/?staff_id=22942
シルバ,https://data.j-league.or.jp/SFIX07/?staff_id=581
信藤　健仁,https://data.j-league.or.jp/SFIX07/?staff_id=812
ジュリオ　レアル,https://data.j-league.or.jp/SFIX07/?staff_id=3170
ジュロヴスキー,https://data.j-league.or.jp/SFIX07/?staff_id=3273
ジョアン・カルロス,https://data.j-league.or.jp/SFIX07/?staff_id=575
城福　浩,https://data.j-league.or.jp/SFIX07/?staff_id=1286
ジョエル　サンタナ,https://data.j-league.or.jp/SFIX07/?staff_id=2849
ジョルジーニョ,https://data.j-league.or.jp/SFIX07/?staff_id=4092
ジョン　ハッチンソン,https://data.j-league.or.jp/SFIX07/?staff_id=14255
神野　卓哉,https://data.j-league.or.jp/SFIX07/?staff_id=2406
ジーコ,https://data.j-league.or.jp/SFIX07/?staff_id=578
杉山　弘一,https://data.j-league.or.jp/SFIX07/?staff_id=6626
村主　博正,https://data.j-league.or.jp/SFIX07/?staff_id=4077
鈴木　淳,https://data.j-league.or.jp/SFIX07/?staff_id=1127
鈴木　武一,https://data.j-league.or.jp/SFIX07/?staff_id=194
鈴木　秀人,https://data.j-league.or.jp/SFIX07/?staff_id=5415
鈴木　政一,https://data.j-league.or.jp/SFIX07/?staff_id=1745
スチュアート　バクスター,https://data.j-league.or.jp/SFIX07/?staff_id=447
スティーブ　ホーランド,https://data.j-league.or.jp/SFIX07/?staff_id=20871
ストイコビッチ,https://data.j-league.or.jp/SFIX07/?staff_id=3272
須藤　大輔,https://data.j-league.or.jp/SFIX07/?staff_id=11248
関塚　隆,https://data.j-league.or.jp/SFIX07/?staff_id=15
セホーン,https://data.j-league.or.jp/SFIX07/?staff_id=4107
セルジオ　ソアレス,https://data.j-league.or.jp/SFIX07/?staff_id=4069
千疋　美徳,https://data.j-league.or.jp/SFIX07/?staff_id=2193
ゼ　リカルド,https://data.j-league.or.jp/SFIX07/?staff_id=17588
ゼッカ,https://data.j-league.or.jp/SFIX07/?staff_id=884
ゼムノビッチ　ズドラブコ,https://data.j-league.or.jp/SFIX07/?staff_id=1793
ゼ・セルジオ,https://data.j-league.or.jp/SFIX07/?staff_id=182
ゼ・マリオ,https://data.j-league.or.jp/SFIX07/?staff_id=1227
相馬　直樹,https://data.j-league.or.jp/SFIX07/?staff_id=3870
副島　博志,https://data.j-league.or.jp/SFIX07/?staff_id=1041
ソラリ,https://data.j-league.or.jp/SFIX07/?staff_id=418
反町　康治,https://data.j-league.or.jp/SFIX07/?staff_id=1862
楚輪　博,https://data.j-league.or.jp/SFIX07/?staff_id=241
高木　琢也,https://data.j-league.or.jp/SFIX07/?staff_id=2831
髙木　理己,https://data.j-league.or.jp/SFIX07/?staff_id=3873
髙﨑　康嗣,https://data.j-league.or.jp/SFIX07/?staff_id=7810
高橋　健二,https://data.j-league.or.jp/SFIX07/?staff_id=3095
高橋　真一郎,https://data.j-league.or.jp/SFIX07/?staff_id=257
高畠　勉,https://data.j-league.or.jp/SFIX07/?staff_id=646
竹中　穣,https://data.j-league.or.jp/SFIX07/?staff_id=4142
竹本　一彦,https://data.j-league.or.jp/SFIX07/?staff_id=1429
田坂　和昭,https://data.j-league.or.jp/SFIX07/?staff_id=2214
田中　孝司,https://data.j-league.or.jp/SFIX07/?staff_id=1817
田中　真二,https://data.j-league.or.jp/SFIX07/?staff_id=2580
田中　誠,https://data.j-league.or.jp/SFIX07/?staff_id=9143
田村　雄三,https://data.j-league.or.jp/SFIX07/?staff_id=5232
タヴァレス,https://data.j-league.or.jp/SFIX07/?staff_id=10954
ダニエル　ポヤトス,https://data.j-league.or.jp/SFIX07/?staff_id=14216
チッタ,https://data.j-league.or.jp/SFIX07/?staff_id=1829
張　外龍,https://data.j-league.or.jp/SFIX07/?staff_id=2206
中後　雅喜,https://data.j-league.or.jp/SFIX07/?staff_id=19393
曺　貴裁,https://data.j-league.or.jp/SFIX07/?staff_id=1557
塚田　雄二,https://data.j-league.or.jp/SFIX07/?staff_id=503
辻田　真輝,https://data.j-league.or.jp/SFIX07/?staff_id=16849
辻本　茂輝,https://data.j-league.or.jp/SFIX07/?staff_id=9117
都並　敏史,https://data.j-league.or.jp/SFIX07/?staff_id=1869
手倉森　誠,https://data.j-league.or.jp/SFIX07/?staff_id=641
手塚　聡,https://data.j-league.or.jp/SFIX07/?staff_id=171
寺田　周平,https://data.j-league.or.jp/SFIX07/?staff_id=3871
デラ　クルス,https://data.j-league.or.jp/SFIX07/?staff_id=783
冨樫　剛一,https://data.j-league.or.jp/SFIX07/?staff_id=1170
時崎　悠,https://data.j-league.or.jp/SFIX07/?staff_id=7756
戸田　和幸,https://data.j-league.or.jp/SFIX07/?staff_id=18070
トニーニョ　セレーゾ,https://data.j-league.or.jp/SFIX07/?staff_id=1561
トニーニョ・モウラ,https://data.j-league.or.jp/SFIX07/?staff_id=572
トムソン,https://data.j-league.or.jp/SFIX07/?staff_id=814
トルステン　フィンク,https://data.j-league.or.jp/SFIX07/?staff_id=12320
ドワイト,https://data.j-league.or.jp/SFIX07/?staff_id=2834
内藤　就行,https://data.j-league.or.jp/SFIX07/?staff_id=2631
中口　雅史,https://data.j-league.or.jp/SFIX07/?staff_id=4343
中田　一三,https://data.j-league.or.jp/SFIX07/?staff_id=12112
中田　仁司,https://data.j-league.or.jp/SFIX07/?staff_id=1567
仲田　建二,https://data.j-league.or.jp/SFIX07/?staff_id=3350
中三川　哲治,https://data.j-league.or.jp/SFIX07/?staff_id=13951
中村　重和,https://data.j-league.or.jp/SFIX07/?staff_id=1883
中村　忠,https://data.j-league.or.jp/SFIX07/?staff_id=3312
中山　元気,https://data.j-league.or.jp/SFIX07/?staff_id=6606
中山　雅史,https://data.j-league.or.jp/SFIX07/?staff_id=14253
永井　秀樹,https://data.j-league.or.jp/SFIX07/?staff_id=12340
永井　良和,https://data.j-league.or.jp/SFIX07/?staff_id=1135
長澤　和明,https://data.j-league.or.jp/SFIX07/?staff_id=172
長澤　徹,https://data.j-league.or.jp/SFIX07/?staff_id=1856
長島　裕明,https://data.j-league.or.jp/SFIX07/?staff_id=2556
ナチョ　フェルナンデス,https://data.j-league.or.jp/SFIX07/?staff_id=17661
名塚　善寛,https://data.j-league.or.jp/SFIX07/?staff_id=4307
名波　浩,https://data.j-league.or.jp/SFIX07/?staff_id=6515
鳴尾　直軌,https://data.j-league.or.jp/SFIX07/?staff_id=5237
ニカノール,https://data.j-league.or.jp/SFIX07/?staff_id=584
西ヶ谷　隆之,https://data.j-league.or.jp/SFIX07/?staff_id=2470
西野　朗,https://data.j-league.or.jp/SFIX07/?staff_id=167
西村　昭宏,https://data.j-league.or.jp/SFIX07/?staff_id=93
西村　俊寛,https://data.j-league.or.jp/SFIX07/?staff_id=4466
布　啓一郎,https://data.j-league.or.jp/SFIX07/?staff_id=6613
布部　陽功,https://data.j-league.or.jp/SFIX07/?staff_id=3653
ネルシーニョ,https://data.j-league.or.jp/SFIX07/?staff_id=354
ハシェック,https://data.j-league.or.jp/SFIX07/?staff_id=2456
橋川　和晃,https://data.j-league.or.jp/SFIX07/?staff_id=547
柱谷　幸一,https://data.j-league.or.jp/SFIX07/?staff_id=1781
柱谷　哲二,https://data.j-league.or.jp/SFIX07/?staff_id=2045
ハジェヴスキー,https://data.j-league.or.jp/SFIX07/?staff_id=1560
長谷川　健太,https://data.j-league.or.jp/SFIX07/?staff_id=2565
長谷部　茂利,https://data.j-league.or.jp/SFIX07/?staff_id=3883
服部　年宏,https://data.j-league.or.jp/SFIX07/?staff_id=5199
服部　浩紀,https://data.j-league.or.jp/SFIX07/?staff_id=6701
濱崎　芳己,https://data.j-league.or.jp/SFIX07/?staff_id=14164
早川　知伸,https://data.j-league.or.jp/SFIX07/?staff_id=6694
林　健太郎,https://data.j-league.or.jp/SFIX07/?staff_id=11227
早野　宏史,https://data.j-league.or.jp/SFIX07/?staff_id=417
原　博実,https://data.j-league.or.jp/SFIX07/?staff_id=28
原崎　政人,https://data.j-league.or.jp/SFIX07/?staff_id=4132
原田　武男,https://data.j-league.or.jp/SFIX07/?staff_id=5420
ハリー　キューウェル,https://data.j-league.or.jp/SFIX07/?staff_id=19406
ハン　ベルガー,https://data.j-league.or.jp/SFIX07/?staff_id=2425
ハンス　オフト,https://data.j-league.or.jp/SFIX07/?staff_id=238
バウミール,https://data.j-league.or.jp/SFIX07/?staff_id=1066
バドゥ,https://data.j-league.or.jp/SFIX07/?staff_id=5279
バドン,https://data.j-league.or.jp/SFIX07/?staff_id=2761
バビチ　ブランコ,https://data.j-league.or.jp/SFIX07/?staff_id=1630
バルバリッチ,https://data.j-league.or.jp/SFIX07/?staff_id=3622
パウロ　アウトゥオリ,https://data.j-league.or.jp/SFIX07/?staff_id=2846
パウロ・エミリオ,https://data.j-league.or.jp/SFIX07/?staff_id=265
パチャメ,https://data.j-league.or.jp/SFIX07/?staff_id=609
パトリック　キスノーボ,https://data.j-league.or.jp/SFIX07/?staff_id=20950
パベル　ジェハーク,https://data.j-league.or.jp/SFIX07/?staff_id=2472
樋口　靖洋,https://data.j-league.or.jp/SFIX07/?staff_id=943
平岡　宏章,https://data.j-league.or.jp/SFIX07/?staff_id=1611
平川　忠亮,https://data.j-league.or.jp/SFIX07/?staff_id=12274
平木　隆三,https://data.j-league.or.jp/SFIX07/?staff_id=77
ビム・ヤンセン,https://data.j-league.or.jp/SFIX07/?staff_id=422
ピッコリ,https://data.j-league.or.jp/SFIX07/?staff_id=1398
ピッタ,https://data.j-league.or.jp/SFIX07/?staff_id=1799
ピム,https://data.j-league.or.jp/SFIX07/?staff_id=1218
ピーター　クラモフスキー,https://data.j-league.or.jp/SFIX07/?staff_id=11102
ファビオ　カリーレ,https://data.j-league.or.jp/SFIX07/?staff_id=17664
ファビオ　ペッキア,https://data.j-league.or.jp/SFIX07/?staff_id=12046
皇甫　官,https://data.j-league.or.jp/SFIX07/?staff_id=1497
フアン　エスナイデル,https://data.j-league.or.jp/SFIX07/?staff_id=9181
フアン　マヌエル　リージョ,https://data.j-league.or.jp/SFIX07/?staff_id=11845
フェリペ,https://data.j-league.or.jp/SFIX07/?staff_id=806
フェルシュライエン,https://data.j-league.or.jp/SFIX07/?staff_id=594
フェルナンデス,https://data.j-league.or.jp/SFIX07/?staff_id=819
フェルナンド　フベロ,https://data.j-league.or.jp/SFIX07/?staff_id=12366
フェルフォーセン,https://data.j-league.or.jp/SFIX07/?staff_id=2833
フォルカー　フィンケ,https://data.j-league.or.jp/SFIX07/?staff_id=3507
藤本　主税,https://data.j-league.or.jp/SFIX07/?staff_id=11150
フリアン,https://data.j-league.or.jp/SFIX07/?staff_id=17972
フローロ,https://data.j-league.or.jp/SFIX07/?staff_id=1049
ブッフバルト,https://data.j-league.or.jp/SFIX07/?staff_id=2379
ヘイス,https://data.j-league.or.jp/SFIX07/?staff_id=1904
ヘルト,https://data.j-league.or.jp/SFIX07/?staff_id=389
ヘンク,https://data.j-league.or.jp/SFIX07/?staff_id=2037
ベット,https://data.j-league.or.jp/SFIX07/?staff_id=1142
ベニャート　ラバイン,https://data.j-league.or.jp/SFIX07/?staff_id=18078
ベルデニック,https://data.j-league.or.jp/SFIX07/?staff_id=1766
ベングロシュ,https://data.j-league.or.jp/SFIX07/?staff_id=2023
ベンゲル,https://data.j-league.or.jp/SFIX07/?staff_id=398
ペア　マティアス　ヘグモ,https://data.j-league.or.jp/SFIX07/?staff_id=19464
ペデリーニョ,https://data.j-league.or.jp/SFIX07/?staff_id=249
ペトロヴィッチ,https://data.j-league.or.jp/SFIX07/?staff_id=2954
ペトロヴィッチ,https://data.j-league.or.jp/SFIX07/?staff_id=3934
ペドロ　ローシャ,https://data.j-league.or.jp/SFIX07/?staff_id=739
ペリマン,https://data.j-league.or.jp/SFIX07/?staff_id=579
星川　敬,https://data.j-league.or.jp/SFIX07/?staff_id=17460
堀　孝史,https://data.j-league.or.jp/SFIX07/?staff_id=2338
堀井　美晴,https://data.j-league.or.jp/SFIX07/?staff_id=618
ホルガー　オジェック,https://data.j-league.or.jp/SFIX07/?staff_id=384
前田　浩二,https://data.j-league.or.jp/SFIX07/?staff_id=2617
前田　秀樹,https://data.j-league.or.jp/SFIX07/?staff_id=2259
マザロッピ,https://data.j-league.or.jp/SFIX07/?staff_id=1334
増田　功作,https://data.j-league.or.jp/SFIX07/?staff_id=3617
増本　浩平,https://data.j-league.or.jp/SFIX07/?staff_id=11063
間瀬　秀一,https://data.j-league.or.jp/SFIX07/?staff_id=2280
マチェイ　スコルジャ,https://data.j-league.or.jp/SFIX07/?staff_id=18040
マッシモ　フィッカデンティ,https://data.j-league.or.jp/SFIX07/?staff_id=5405
松木　安太郎,https://data.j-league.or.jp/SFIX07/?staff_id=46
松田　岳夫,https://data.j-league.or.jp/SFIX07/?staff_id=3556
松田　浩,https://data.j-league.or.jp/SFIX07/?staff_id=804
松永　英機,https://data.j-league.or.jp/SFIX07/?staff_id=2241
松波　正信,https://data.j-league.or.jp/SFIX07/?staff_id=3669
松橋　力蔵,https://data.j-league.or.jp/SFIX07/?staff_id=3239
松原　良香,https://data.j-league.or.jp/SFIX07/?staff_id=7807
松本　育夫,https://data.j-league.or.jp/SFIX07/?staff_id=1479
松山　博明,https://data.j-league.or.jp/SFIX07/?staff_id=724
マリヤン　プシュニク,https://data.j-league.or.jp/SFIX07/?staff_id=4285
マルコ　アウレリオ,https://data.j-league.or.jp/SFIX07/?staff_id=2175
マルコ　ペッツァイオリ,https://data.j-league.or.jp/SFIX07/?staff_id=5578
丸山　良明,https://data.j-league.or.jp/SFIX07/?staff_id=7957
三浦　淳寛,https://data.j-league.or.jp/SFIX07/?staff_id=11214
三浦　哲郎,https://data.j-league.or.jp/SFIX07/?staff_id=88
三浦　俊也,https://data.j-league.or.jp/SFIX07/?staff_id=1301
三浦　文丈,https://data.j-league.or.jp/SFIX07/?staff_id=3017
三浦　泰年,https://data.j-league.or.jp/SFIX07/?staff_id=2473
水島　武蔵,https://data.j-league.or.jp/SFIX07/?staff_id=5396
水沼　貴史,https://data.j-league.or.jp/SFIX07/?staff_id=2819
美濃部　直彦,https://data.j-league.or.jp/SFIX07/?staff_id=1034
ミヒャエル　スキッベ,https://data.j-league.or.jp/SFIX07/?staff_id=16779
宮沢　悠生,https://data.j-league.or.jp/SFIX07/?staff_id=22943
宮本　恒靖,https://data.j-league.or.jp/SFIX07/?staff_id=9103
宮本　征勝,https://data.j-league.or.jp/SFIX07/?staff_id=446
ミルトン　メンデス,https://data.j-league.or.jp/SFIX07/?staff_id=7858
ミロシュ　ルス,https://data.j-league.or.jp/SFIX07/?staff_id=6698
ムズロビッチ,https://data.j-league.or.jp/SFIX07/?staff_id=2459
武藤　覚,https://data.j-league.or.jp/SFIX07/?staff_id=2227
村田　一弘,https://data.j-league.or.jp/SFIX07/?staff_id=2315
望月　一仁,https://data.j-league.or.jp/SFIX07/?staff_id=2789
望月　一頼,https://data.j-league.or.jp/SFIX07/?staff_id=369
望月　達也,https://data.j-league.or.jp/SFIX07/?staff_id=175
森　孝慈,https://data.j-league.or.jp/SFIX07/?staff_id=1593
森　直樹,https://data.j-league.or.jp/SFIX07/?staff_id=3857
森岡　隆三,https://data.j-league.or.jp/SFIX07/?staff_id=3401
森下　申一,https://data.j-league.or.jp/SFIX07/?staff_id=1364
森下　仁志,https://data.j-league.or.jp/SFIX07/?staff_id=3134
森下　仁之,https://data.j-league.or.jp/SFIX07/?staff_id=3505
森保　一,https://data.j-league.or.jp/SFIX07/?staff_id=3173
森山　佳郎,https://data.j-league.or.jp/SFIX07/?staff_id=1554
安永　聡太郎,https://data.j-league.or.jp/SFIX07/?staff_id=8122
柳下　正明,https://data.j-league.or.jp/SFIX07/?staff_id=123
柳田　伸明,https://data.j-league.or.jp/SFIX07/?staff_id=1663
藪田　光教,https://data.j-league.or.jp/SFIX07/?staff_id=21018
山口　智,https://data.j-league.or.jp/SFIX07/?staff_id=7865
山口　素弘,https://data.j-league.or.jp/SFIX07/?staff_id=4234
山田　松市,https://data.j-league.or.jp/SFIX07/?staff_id=124
山本　昌邦,https://data.j-league.or.jp/SFIX07/?staff_id=970
ヤン　ヨンソン,https://data.j-league.or.jp/SFIX07/?staff_id=454
尹　晶煥,https://data.j-league.or.jp/SFIX07/?staff_id=3501
横内　昭展,https://data.j-league.or.jp/SFIX07/?staff_id=1357
横山　謙三,https://data.j-league.or.jp/SFIX07/?staff_id=212
横山　雄次,https://data.j-league.or.jp/SFIX07/?staff_id=1887
吉澤　英生,https://data.j-league.or.jp/SFIX07/?staff_id=4065
吉田　謙,https://data.j-league.or.jp/SFIX07/?staff_id=9108
吉田　孝行,https://data.j-league.or.jp/SFIX07/?staff_id=6654
吉田　達磨,https://data.j-league.or.jp/SFIX07/?staff_id=2305
吉田　恵,https://data.j-league.or.jp/SFIX07/?staff_id=3666
吉田　靖,https://data.j-league.or.jp/SFIX07/?staff_id=44
吉永　一明,https://data.j-league.or.jp/SFIX07/?staff_id=546
吉本　岳史,https://data.j-league.or.jp/SFIX07/?staff_id=20792
依田　光正,https://data.j-league.or.jp/SFIX07/?staff_id=3720
与那城　ジョージ,https://data.j-league.or.jp/SFIX07/?staff_id=282
米山　篤志,https://data.j-league.or.jp/SFIX07/?staff_id=9153
四方田　修平,https://data.j-league.or.jp/SFIX07/?staff_id=1344
ラザロニ,https://data.j-league.or.jp/SFIX07/?staff_id=1980
ラモス　瑠偉,https://data.j-league.or.jp/SFIX07/?staff_id=2780
ランコ　ポポヴィッチ,https://data.j-league.or.jp/SFIX07/?staff_id=2955
リカルド　ロドリゲス,https://data.j-league.or.jp/SFIX07/?staff_id=9184
リトバルスキー,https://data.j-league.or.jp/SFIX07/?staff_id=2262
リベリーノ,https://data.j-league.or.jp/SFIX07/?staff_id=358
リュイス　プラナグマ,https://data.j-league.or.jp/SFIX07/?staff_id=13939
ルイス　カレーラス,https://data.j-league.or.jp/SFIX07/?staff_id=12189
レアンドロ,https://data.j-league.or.jp/SFIX07/?staff_id=2265
レシャック,https://data.j-league.or.jp/SFIX07/?staff_id=1063
レネ,https://data.j-league.or.jp/SFIX07/?staff_id=1371
レネ　ヴァイラー,https://data.j-league.or.jp/SFIX07/?staff_id=16806
レヴィー　クルピ,https://data.j-league.or.jp/SFIX07/?staff_id=841
ロティーナ,https://data.j-league.or.jp/SFIX07/?staff_id=9238
ロバート,https://data.j-league.or.jp/SFIX07/?staff_id=3005
呂比須　ワグナー,https://data.j-league.or.jp/SFIX07/?staff_id=4108
ロリ,https://data.j-league.or.jp/SFIX07/?staff_id=2034
渡邉　晋,https://data.j-league.or.jp/SFIX07/?staff_id=2705
和田　昌裕,https://data.j-league.or.jp/SFIX07/?staff_id=1874
